id,updated,biographyUrl,canton,cantonName,council,faction,factionName,firstName,function,homepage,lastName,number,party,partyName,pictureUrl
4154,2020-05-26T10:59:56Z,http://www.parlament.ch/f/suche/Pages/biografie.aspx?biografie_id=4154,VS,Valais,N,V,Groupe de l'Union démocratique du Centre,Jean-Luc,Membre,www.jladdor.ch,Addor,3055,UDC,Union Démocratique du Centre,http://www.parlament.ch/SiteCollectionImages/profil/225x225/3055.jpg
3867,2021-03-03T07:54:54Z,http://www.parlament.ch/f/suche/Pages/biografie.aspx?biografie_id=3867,BE,Berne,N,V,Groupe de l'Union démocratique du Centre,Andreas,Membre,www.aebi-andreas.ch,Aebi,2670,UDC,Union Démocratique du Centre,http://www.parlament.ch/SiteCollectionImages/profil/225x225/2670.jpg
4049,2020-03-04T08:32:37Z,http://www.parlament.ch/f/suche/Pages/biografie.aspx?biografie_id=4049,BE,Berne,N,S,Groupe socialiste,Matthias,Membre,www.matthiasaebischer.ch,Aebischer,2760,PSS,Parti socialiste suisse,http://www.parlament.ch/SiteCollectionImages/profil/225x225/2760.jpg
4053,2021-04-01T11:38:14Z,http://www.parlament.ch/f/suche/Pages/biografie.aspx?biografie_id=4053,ZG,Zoug,N,V,Groupe de l'Union démocratique du Centre,Thomas,Président(e),www.aeschi.com,Aeschi,2758,UDC,Union Démocratique du Centre,http://www.parlament.ch/SiteCollectionImages/profil/225x225/2758.jpg
4090,2019-11-19T11:56:59Z,http://www.parlament.ch/f/suche/Pages/biografie.aspx?biografie_id=4090,GE,Genève,N,V,Groupe de l'Union démocratique du Centre,Céline,Membre,,Amaudruz,2796,UDC,Union Démocratique du Centre,http://www.parlament.ch/SiteCollectionImages/profil/225x225/2796.jpg
4320,2021-06-02T16:10:46Z,http://www.parlament.ch/f/suche/Pages/biografie.aspx?biografie_id=4320,VS,Valais,N,S,Groupe socialiste,Emmanuel,Membre,,Amoos,3217,PSS,Parti socialiste suisse,http://www.parlament.ch/SiteCollectionImages/profil/225x225/3217.jpg
4245,2020-12-17T12:24:57Z,http://www.parlament.ch/f/suche/Pages/biografie.aspx?biografie_id=4245,FR,Fribourg,N,G,Groupe des Verts,Gerhard,Membre,gerhard-andrey.ch,Andrey,3137,VERT-E-S,Les VERT-E-S suisses,http://www.parlament.ch/SiteCollectionImages/profil/225x225/3137.jpg
4184,2021-05-26T15:58:19Z,http://www.parlament.ch/f/suche/Pages/biografie.aspx?biografie_id=4184,BS,Bâle-Ville,N,G,Groupe des Verts,Sibel,Membre,,Arslan,3058,BastA,Grüne (Basels starke Alternative),http://www.parlament.ch/SiteCollectionImages/profil/225x225/3058.jpg
4304,2019-11-14T18:51:47Z,http://www.parlament.ch/f/suche/Pages/biografie.aspx?biografie_id=4304,BS,Bâle-Ville,N,S,Groupe socialiste,Mustafa,Membre,www.mustafaatici.ch,Atici,3201,PSS,Parti socialiste suisse,http://www.parlament.ch/SiteCollectionImages/profil/225x225/3201.jpg
4246,2021-02-26T13:29:49Z,http://www.parlament.ch/f/suche/Pages/biografie.aspx?biografie_id=4246,BE,Berne,N,G,Groupe des Verts,Christine,Membre,www.christinebadertscher.ch,Badertscher,3138,VERT-E-S,Les VERT-E-S suisses,http://www.parlament.ch/SiteCollectionImages/profil/225x225/3138.jpg
4058,2019-10-22T15:15:34Z,http://www.parlament.ch/f/suche/Pages/biografie.aspx?biografie_id=4058,ZH,Zurich,N,S,Groupe socialiste,Jacqueline,Membre,www.badran.ch,Badran,2762,PSS,Parti socialiste suisse,http://www.parlament.ch/SiteCollectionImages/profil/225x225/2762.jpg
4203,2019-12-18T10:07:32Z,http://www.parlament.ch/f/suche/Pages/biografie.aspx?biografie_id=4203,ZH,Zurich,N,S,Groupe socialiste,Angelo,Membre,www.barrile.ch,Barrile,3104,PSS,Parti socialiste suisse,http://www.parlament.ch/SiteCollectionImages/profil/225x225/3104.jpg
4247,2019-10-30T09:38:37Z,http://www.parlament.ch/f/suche/Pages/biografie.aspx?biografie_id=4247,BE,Berne,N,G,Groupe des Verts,Kilian,Membre,www.kilianbaumann.ch,Baumann,3139,VERT-E-S,Les VERT-E-S suisses,http://www.parlament.ch/SiteCollectionImages/profil/225x225/3139.jpg
1138,2020-02-27T11:10:31Z,http://www.parlament.ch/f/suche/Pages/biografie.aspx?biografie_id=1138,ZH,Zurich,N,GL,Groupe vert'libéral,Martin,Membre,martin-baeumle.ch,Bäumle,2585,pvl,Parti vert'libéral,http://www.parlament.ch/SiteCollectionImages/profil/225x225/2585.jpg
4248,2020-11-30T13:55:27Z,http://www.parlament.ch/f/suche/Pages/biografie.aspx?biografie_id=4248,ZH,Zurich,N,GL,Groupe vert'libéral,Judith,Membre,www.judithbellaiche.ch,Bellaïche,3140,pvl,Parti vert'libéral,http://www.parlament.ch/SiteCollectionImages/profil/225x225/3140.jpg
4213,2020-11-23T12:06:44Z,http://www.parlament.ch/f/suche/Pages/biografie.aspx?biografie_id=4213,VD,Vaud,N,S,Groupe socialiste,Samuel,Membre,,Bendahan,3114,PSS,Parti socialiste suisse,http://www.parlament.ch/SiteCollectionImages/profil/225x225/3114.jpg
4102,2021-04-28T11:53:45Z,http://www.parlament.ch/f/suche/Pages/biografie.aspx?biografie_id=4102,BE,Berne,N,GL,Groupe vert'libéral,Kathrin,Membre,www.kathrinbertschy.ch,Bertschy,3016,pvl,Parti vert'libéral,http://www.parlament.ch/SiteCollectionImages/profil/225x225/3016.jpg
4249,2019-11-15T16:04:07Z,http://www.parlament.ch/f/suche/Pages/biografie.aspx?biografie_id=4249,AG,Argovie,N,M-E,Le Groupe du Centre. Le Centre. PEV.,Marianne,Membre,www.mariannebinder.ch,Binder-Keller,3141,M-E,Le Centre,http://www.parlament.ch/SiteCollectionImages/profil/225x225/3141.jpg
4250,2019-12-13T14:06:45Z,http://www.parlament.ch/f/suche/Pages/biografie.aspx?biografie_id=4250,AG,Argovie,N,V,Groupe de l'Union démocratique du Centre,Martina,Membre,www.martina-bircher.ch,Bircher,3142,UDC,Union Démocratique du Centre,http://www.parlament.ch/SiteCollectionImages/profil/225x225/3142.jpg
4030,2019-12-13T09:43:42Z,http://www.parlament.ch/f/suche/Pages/biografie.aspx?biografie_id=4030,LU,Lucerne,N,S,Groupe socialiste,Prisca,Membre,www.priscabirrer-heimo.ch,Birrer-Heimo,2743,PSS,Parti socialiste suisse,http://www.parlament.ch/SiteCollectionImages/profil/225x225/2743.jpg
4188,2021-03-22T16:00:59Z,http://www.parlament.ch/f/suche/Pages/biografie.aspx?biografie_id=4188,VD,Vaud,N,RL,Groupe libéral-radical,Frédéric,Membre,frederic-borloz.ch,Borloz,3061,PLR,PLR.Les Libéraux-Radicaux,http://www.parlament.ch/SiteCollectionImages/profil/225x225/3061.jpg
3872,2019-10-31T16:07:49Z,http://www.parlament.ch/f/suche/Pages/biografie.aspx?biografie_id=3872,FR,Fribourg,N,RL,Groupe libéral-radical,Jacques,Membre,www.bourgeois.ch,Bourgeois,2675,PLR,PLR.Les Libéraux-Radicaux,http://www.parlament.ch/SiteCollectionImages/profil/225x225/2675.jpg
4230,2019-12-13T14:40:24Z,http://www.parlament.ch/f/suche/Pages/biografie.aspx?biografie_id=4230,VS,Valais,N,M-E,Le Groupe du Centre. Le Centre. PEV.,Philipp Matthias,Membre,www.pm-bregy.ch,Bregy,3131,M-E,Le Centre,http://www.parlament.ch/SiteCollectionImages/profil/225x225/3131.jpg
724,2019-10-22T15:15:34Z,http://www.parlament.ch/f/suche/Pages/biografie.aspx?biografie_id=724,VD,Vaud,N,G,Groupe des Verts,Daniel,Membre,,Brélaz,2023,VERT-E-S,Les VERT-E-S suisses,http://www.parlament.ch/SiteCollectionImages/profil/225x225/2023.jpg
4315,2020-11-02T16:09:41Z,http://www.parlament.ch/f/suche/Pages/biografie.aspx?biografie_id=4315,BL,Bâle-Campagne,N,G,Groupe des Verts,Florence,Membre,www.florencebrenzikofer.ch,Brenzikofer,3211,VERT-E-S,Les VERT-E-S suisses,http://www.parlament.ch/SiteCollectionImages/profil/225x225/3211.jpg
4251,2020-02-07T08:15:13Z,http://www.parlament.ch/f/suche/Pages/biografie.aspx?biografie_id=4251,SG,St-Gall,N,GL,Groupe vert'libéral,Thomas,Membre,,Brunner,3143,pvl,Parti vert'libéral,http://www.parlament.ch/SiteCollectionImages/profil/225x225/3143.jpg
4025,2019-11-28T08:45:21Z,http://www.parlament.ch/f/suche/Pages/biografie.aspx?biografie_id=4025,SG,St-Gall,N,V,Groupe de l'Union démocratique du Centre,Roland Rino,Membre,www.rolandbuechel.ch,Büchel,2740,UDC,Union Démocratique du Centre,http://www.parlament.ch/SiteCollectionImages/profil/225x225/2740.jpg
4156,2019-12-13T14:28:25Z,http://www.parlament.ch/f/suche/Pages/biografie.aspx?biografie_id=4156,VD,Vaud,N,V,Groupe de l'Union démocratique du Centre,Michaël,Membre,,Buffat,3062,UDC,Union Démocratique du Centre,http://www.parlament.ch/SiteCollectionImages/profil/225x225/3062.jpg
4101,2019-11-20T11:52:48Z,http://www.parlament.ch/f/suche/Pages/biografie.aspx?biografie_id=4101,FR,Fribourg,N,M-E,Le Groupe du Centre. Le Centre. PEV.,Christine,Membre,www.christine-bulliard.ch,Bulliard-Marbach,3017,M-E,Le Centre,http://www.parlament.ch/SiteCollectionImages/profil/225x225/3017.jpg
4158,2020-02-14T14:50:16Z,http://www.parlament.ch/f/suche/Pages/biografie.aspx?biografie_id=4158,AG,Argovie,N,V,Groupe de l'Union démocratique du Centre,Thomas,Membre,www.thomasburgherr.ch,Burgherr,3064,UDC,Union Démocratique du Centre,http://www.parlament.ch/SiteCollectionImages/profil/225x225/3064.jpg
4070,2019-11-19T11:23:41Z,http://www.parlament.ch/f/suche/Pages/biografie.aspx?biografie_id=4070,GR,Grisons,N,M-E,Le Groupe du Centre. Le Centre. PEV.,Martin,Membre,www.martincandinas.ch,Candinas,2770,M-E,Le Centre,http://www.parlament.ch/SiteCollectionImages/profil/225x225/2770.jpg
4217,2021-06-02T17:09:17Z,http://www.parlament.ch/f/suche/Pages/biografie.aspx?biografie_id=4217,TI,Tessin,N,RL,Groupe libéral-radical,Rocco,Membre,www.roccocattaneo.ch,Cattaneo,3118,PLR,PLR.Les Libéraux-Radicaux,http://www.parlament.ch/SiteCollectionImages/profil/225x225/3118.jpg
4108,2020-05-20T15:18:30Z,http://www.parlament.ch/f/suche/Pages/biografie.aspx?biografie_id=4108,VD,Vaud,N,GL,Groupe vert'libéral,Isabelle,Membre,www.isabellechevalley.ch,Chevalley,3604,pvl,Parti vert'libéral,http://www.parlament.ch/SiteCollectionImages/profil/225x225/3604.jpg
4252,2020-05-19T09:26:06Z,http://www.parlament.ch/f/suche/Pages/biografie.aspx?biografie_id=4252,BS,Bâle-Ville,N,GL,Groupe vert'libéral,Katja,Membre,katjachrist.ch,Christ,3144,pvl,Parti vert'libéral,http://www.parlament.ch/SiteCollectionImages/profil/225x225/3144.jpg
4253,2020-05-08T09:26:57Z,http://www.parlament.ch/f/suche/Pages/biografie.aspx?biografie_id=4253,VS,Valais,N,G,Groupe des Verts,Christophe,Membre,,Clivaz,3145,VERT-E-S,Les VERT-E-S suisses,http://www.parlament.ch/SiteCollectionImages/profil/225x225/3145.jpg
4254,2020-12-08T14:16:59Z,http://www.parlament.ch/f/suche/Pages/biografie.aspx?biografie_id=4254,NE,Neuchâtel,N,RL,Groupe libéral-radical,Damien,Membre,www.damiencottier.ch,Cottier,3146,PLR,PLR.Les Libéraux-Radicaux,http://www.parlament.ch/SiteCollectionImages/profil/225x225/3146.jpg
4219,2019-12-13T14:30:35Z,http://www.parlament.ch/f/suche/Pages/biografie.aspx?biografie_id=4219,VD,Vaud,N,S,Groupe socialiste,Brigitte,Membre,,Crottaz,3120,PSS,Parti socialiste suisse,http://www.parlament.ch/SiteCollectionImages/profil/225x225/3120.jpg
4255,2021-02-16T17:25:34Z,http://www.parlament.ch/f/suche/Pages/biografie.aspx?biografie_id=4255,GE,Genève,N,S,Groupe socialiste,Christian,Membre,www.christiandandres.ch,Dandrès,3147,PSS,Parti socialiste suisse,http://www.parlament.ch/SiteCollectionImages/profil/225x225/3147.jpg
4051,2020-03-12T11:21:49Z,http://www.parlament.ch/f/suche/Pages/biografie.aspx?biografie_id=4051,BL,Bâle-Campagne,N,V,Groupe de l'Union démocratique du Centre,Thomas,Membre,www.decourten.info,de Courten,2757,UDC,Union Démocratique du Centre,http://www.parlament.ch/SiteCollectionImages/profil/225x225/2757.jpg
4201,2019-12-13T14:55:05Z,http://www.parlament.ch/f/suche/Pages/biografie.aspx?biografie_id=4201,NE,Neuchâtel,N,G,Groupe des Verts,Denis,Membre,www.lelocle.ch,de la Reussille,3068,PdT,Parti Suisse du travail,http://www.parlament.ch/SiteCollectionImages/profil/225x225/3068.jpg
4256,2020-12-23T06:39:13Z,http://www.parlament.ch/f/suche/Pages/biografie.aspx?biografie_id=4256,GE,Genève,N,RL,Groupe libéral-radical,Simone,Membre,www.simonedemontmollin.ch,de Montmollin,3148,PLR,PLR.Les Libéraux-Radicaux,http://www.parlament.ch/SiteCollectionImages/profil/225x225/3148.jpg
4257,2020-01-22T15:31:16Z,http://www.parlament.ch/f/suche/Pages/biografie.aspx?biografie_id=4257,VD,Vaud,N,RL,Groupe libéral-radical,Jacqueline,Membre,,de Quattro,3149,PLR,PLR.Les Libéraux-Radicaux,http://www.parlament.ch/SiteCollectionImages/profil/225x225/3149.jpg
4160,2019-11-19T13:44:57Z,http://www.parlament.ch/f/suche/Pages/biografie.aspx?biografie_id=4160,SZ,Schwyz,N,V,Groupe de l'Union démocratique du Centre,Marcel,Membre,,Dettling,3069,UDC,Union Démocratique du Centre,http://www.parlament.ch/SiteCollectionImages/profil/225x225/3069.jpg
4190,2019-11-01T15:38:54Z,http://www.parlament.ch/f/suche/Pages/biografie.aspx?biografie_id=4190,SG,St-Gall,N,RL,Groupe libéral-radical,Marcel,Membre,www.marcel-dobler.ch,Dobler,3070,PLR,PLR.Les Libéraux-Radicaux,http://www.parlament.ch/SiteCollectionImages/profil/225x225/3070.jpg
4258,2019-12-13T14:17:51Z,http://www.parlament.ch/f/suche/Pages/biografie.aspx?biografie_id=4258,TG,Thurgovie,N,G,Groupe des Verts,Kurt,Membre,www.kurt-egger.ch,Egger,3150,VERT-E-S,Les VERT-E-S suisses,http://www.parlament.ch/SiteCollectionImages/profil/225x225/3150.jpg
4229,2020-09-01T07:17:54Z,http://www.parlament.ch/f/suche/Pages/biografie.aspx?biografie_id=4229,SG,St-Gall,N,V,Groupe de l'Union démocratique du Centre,Mike,Membre,www.mike-egger.ch,Egger,3130,UDC,Union Démocratique du Centre,http://www.parlament.ch/SiteCollectionImages/profil/225x225/3130.jpg
3876,2021-03-22T16:24:26Z,http://www.parlament.ch/f/suche/Pages/biografie.aspx?biografie_id=3876,LU,Lucerne,N,V,Groupe de l'Union démocratique du Centre,Yvette,Membre,,Estermann,2679,UDC,Union Démocratique du Centre,http://www.parlament.ch/SiteCollectionImages/profil/225x225/2679.jpg
74,2020-02-14T14:39:31Z,http://www.parlament.ch/f/suche/Pages/biografie.aspx?biografie_id=74,BS,Bâle-Ville,N,RL,Groupe libéral-radical,Christoph,Membre,,Eymann,2287,PLD,Parti libéral démocrate,http://www.parlament.ch/SiteCollectionImages/profil/225x225/2287.jpg
4259,2021-06-09T12:07:44Z,http://www.parlament.ch/f/suche/Pages/biografie.aspx?biografie_id=4259,TI,Tessin,N,RL,Groupe libéral-radical,Alex,Membre,www.alexfarinelli.ch,Farinelli,3151,PLR,PLR.Les Libéraux-Radicaux,http://www.parlament.ch/SiteCollectionImages/profil/225x225/3151.jpg
4195,2021-01-27T18:12:02Z,http://www.parlament.ch/f/suche/Pages/biografie.aspx?biografie_id=4195,GE,Genève,N,S,Groupe socialiste,Laurence,Membre,www.fehlmann-rielle.info,Fehlmann Rielle,3071,PSS,Parti socialiste suisse,http://www.parlament.ch/SiteCollectionImages/profil/225x225/3071.jpg
4077,2020-06-24T15:48:53Z,http://www.parlament.ch/f/suche/Pages/biografie.aspx?biografie_id=4077,VD,Vaud,N,RL,Groupe libéral-radical,Olivier,Membre,www.olivierfeller.ch,Feller,2789,PLR,PLR.Les Libéraux-Radicaux,http://www.parlament.ch/SiteCollectionImages/profil/225x225/2789.jpg
4069,2019-12-19T08:29:08Z,http://www.parlament.ch/f/suche/Pages/biografie.aspx?biografie_id=4069,AG,Argovie,N,S,Groupe socialiste,Yvonne,Membre,www.yvonneferi.ch,Feri,2777,PSS,Parti socialiste suisse,http://www.parlament.ch/SiteCollectionImages/profil/225x225/2777.jpg
3877,2020-09-28T08:13:12Z,http://www.parlament.ch/f/suche/Pages/biografie.aspx?biografie_id=3877,ZH,Zurich,N,RL,Groupe libéral-radical,Doris,Membre,www.fiala.ch,Fiala,2680,PLR,PLR.Les Libéraux-Radicaux,http://www.parlament.ch/SiteCollectionImages/profil/225x225/2680.jpg
4089,2019-11-15T10:33:18Z,http://www.parlament.ch/f/suche/Pages/biografie.aspx?biografie_id=4089,LU,Lucerne,N,GL,Groupe vert'libéral,Roland,Membre,www.roland-fischer.ch,Fischer,2794,pvl,Parti vert'libéral,http://www.parlament.ch/SiteCollectionImages/profil/225x225/2794.jpg
4260,2020-11-02T15:56:04Z,http://www.parlament.ch/f/suche/Pages/biografie.aspx?biografie_id=4260,NE,Neuchâtel,N,G,Groupe des Verts,Fabien,Vice-président(e),fabienfivaz.ch,Fivaz,3152,VERT-E-S,Les VERT-E-S suisses,http://www.parlament.ch/SiteCollectionImages/profil/225x225/3152.jpg
4059,2019-11-14T15:02:16Z,http://www.parlament.ch/f/suche/Pages/biografie.aspx?biografie_id=4059,AG,Argovie,N,GL,Groupe vert'libéral,Beat,Membre,www.beatflach.ch,Flach,2765,pvl,Parti vert'libéral,http://www.parlament.ch/SiteCollectionImages/profil/225x225/2765.jpg
1122,2020-04-30T16:02:57Z,http://www.parlament.ch/f/suche/Pages/biografie.aspx?biografie_id=1122,SO,Soleure,N,RL,Groupe libéral-radical,Kurt,Membre,www.kurt-fluri.ch,Fluri,2594,PLR,PLR.Les Libéraux-Radicaux,http://www.parlament.ch/SiteCollectionImages/profil/225x225/2594.jpg
4074,2019-11-19T14:01:09Z,http://www.parlament.ch/f/suche/Pages/biografie.aspx?biografie_id=4074,JU,Jura,N,S,Groupe socialiste,Pierre-Alain,Membre,,Fridez,2778,PSS,Parti socialiste suisse,http://www.parlament.ch/SiteCollectionImages/profil/225x225/2778.jpg
4131,2021-02-12T08:13:03Z,http://www.parlament.ch/f/suche/Pages/biografie.aspx?biografie_id=4131,SG,St-Gall,N,S,Groupe socialiste,Claudia,Membre,www.claudia-friedl.ch,Friedl,3035,PSS,Parti socialiste suisse,http://www.parlament.ch/SiteCollectionImages/profil/225x225/3035.jpg
4261,2021-02-08T13:10:24Z,http://www.parlament.ch/f/suche/Pages/biografie.aspx?biografie_id=4261,SG,St-Gall,N,V,Groupe de l'Union démocratique du Centre,Esther,Membre,www.esther-friedli.ch,Friedli,3153,UDC,Union Démocratique du Centre,http://www.parlament.ch/SiteCollectionImages/profil/225x225/3153.jpg
4262,2019-12-12T17:17:10Z,http://www.parlament.ch/f/suche/Pages/biografie.aspx?biografie_id=4262,BE,Berne,N,S,Groupe socialiste,Tamara,Membre,tamarafuniciello.ch,Funiciello,3154,PSS,Parti socialiste suisse,http://www.parlament.ch/SiteCollectionImages/profil/225x225/3154.jpg
4263,2019-10-30T15:12:36Z,http://www.parlament.ch/f/suche/Pages/biografie.aspx?biografie_id=4263,BE,Berne,N,V,Groupe de l'Union démocratique du Centre,Andreas,Membre,,Gafner,3155,UDF,Union Démocratique Féderale,http://www.parlament.ch/SiteCollectionImages/profil/225x225/3155.jpg
3880,2019-11-28T14:16:55Z,http://www.parlament.ch/f/suche/Pages/biografie.aspx?biografie_id=3880,BE,Berne,N,V,Groupe de l'Union démocratique du Centre,Andrea Martina,Membre,www.andreageissbühler.ch,Geissbühler,2683,UDC,Union Démocratique du Centre,http://www.parlament.ch/SiteCollectionImages/profil/225x225/2683.jpg
4265,2020-12-14T10:54:45Z,http://www.parlament.ch/f/suche/Pages/biografie.aspx?biografie_id=4265,GR,Grisons,N,RL,Groupe libéral-radical,Anna,Membre,,Giacometti,3157,PLR,PLR.Les Libéraux-Radicaux,http://www.parlament.ch/SiteCollectionImages/profil/225x225/3157.jpg
4266,2019-10-31T16:08:51Z,http://www.parlament.ch/f/suche/Pages/biografie.aspx?biografie_id=4266,AG,Argovie,N,V,Groupe de l'Union démocratique du Centre,Benjamin,Membre,www.benjamin-giezendanner.ch,Giezendanner,3158,UDC,Union Démocratique du Centre,http://www.parlament.ch/SiteCollectionImages/profil/225x225/3158.jpg
3882,2021-03-22T16:42:26Z,http://www.parlament.ch/f/suche/Pages/biografie.aspx?biografie_id=3882,ZH,Zurich,N,G,Groupe des Verts,Bastien,Vice-président(e),www.bastiengirod.ch,Girod,2685,VERT-E-S,Les VERT-E-S suisses,http://www.parlament.ch/SiteCollectionImages/profil/225x225/2685.jpg
1337,2020-03-17T08:54:39Z,http://www.parlament.ch/f/suche/Pages/biografie.aspx?biografie_id=1337,LU,Lucerne,N,M-E,Le Groupe du Centre. Le Centre. PEV.,Ida,Membre,www.ida-glanzmann.ch,Glanzmann-Hunkeler,2657,M-E,Le Centre,http://www.parlament.ch/SiteCollectionImages/profil/225x225/2657.jpg
4161,2020-05-07T11:43:06Z,http://www.parlament.ch/f/suche/Pages/biografie.aspx?biografie_id=4161,AG,Argovie,N,V,Groupe de l'Union démocratique du Centre,Andreas,Membre,www.andreas-glarner.ch,Glarner,3074,UDC,Union Démocratique du Centre,http://www.parlament.ch/SiteCollectionImages/profil/225x225/3074.jpg
4093,2021-03-16T15:10:25Z,http://www.parlament.ch/f/suche/Pages/biografie.aspx?biografie_id=4093,ZH,Zurich,N,G,Groupe des Verts,Balthasar,Membre,www.balthasar-glaettli.ch,Glättli,3003,VERT-E-S,Les VERT-E-S suisses,http://www.parlament.ch/SiteCollectionImages/profil/225x225/3003.jpg
4096,2019-11-14T15:13:37Z,http://www.parlament.ch/f/suche/Pages/biografie.aspx?biografie_id=4096,SZ,Schwyz,N,M-E,Le Groupe du Centre. Le Centre. PEV.,Alois,Membre,www.aloisgmuer.ch,Gmür,3001,M-E,Le Centre,http://www.parlament.ch/SiteCollectionImages/profil/225x225/3001.jpg
4116,2019-10-22T15:18:44Z,http://www.parlament.ch/f/suche/Pages/biografie.aspx?biografie_id=4116,SZ,Schwyz,N,RL,Groupe libéral-radical,Petra,Membre,www.petra-goessi.ch,Gössi,3023,PLR,PLR.Les Libéraux-Radicaux,http://www.parlament.ch/SiteCollectionImages/profil/225x225/3023.jpg
4319,2021-04-30T15:18:57Z,http://www.parlament.ch/f/suche/Pages/biografie.aspx?biografie_id=4319,VS,Valais,N,V,Groupe de l'Union démocratique du Centre,Michael,Membre,www.michaelgraber.ch,Graber,3216,UDC,Union Démocratique du Centre,http://www.parlament.ch/SiteCollectionImages/profil/225x225/3216.jpg
1295,2020-12-21T11:57:48Z,http://www.parlament.ch/f/suche/Pages/biografie.aspx?biografie_id=1295,TG,Thurgovie,N,S,Groupe socialiste,Edith,Membre,www.edith-graf.ch,Graf-Litscher,2652,PSS,Parti socialiste suisse,http://www.parlament.ch/SiteCollectionImages/profil/225x225/2652.jpg
4267,2020-07-10T08:57:22Z,http://www.parlament.ch/f/suche/Pages/biografie.aspx?biografie_id=4267,ZH,Zurich,N,GL,Groupe vert'libéral,Corina,Membre,,Gredig,3159,pvl,Parti vert'libéral,http://www.parlament.ch/SiteCollectionImages/profil/225x225/3159.jpg
3885,2019-10-22T15:18:44Z,http://www.parlament.ch/f/suche/Pages/biografie.aspx?biografie_id=3885,VD,Vaud,N,V,Groupe de l'Union démocratique du Centre,Jean-Pierre,Membre,,Grin,2688,UDC,Union Démocratique du Centre,http://www.parlament.ch/SiteCollectionImages/profil/225x225/2688.jpg
4083,2019-10-22T15:18:44Z,http://www.parlament.ch/f/suche/Pages/biografie.aspx?biografie_id=4083,BE,Berne,N,GL,Groupe vert'libéral,Jürg,Membre,www.juerg-grossen.ch,Grossen,2786,pvl,Parti vert'libéral,http://www.parlament.ch/SiteCollectionImages/profil/225x225/2786.jpg
4162,2021-05-26T15:02:22Z,http://www.parlament.ch/f/suche/Pages/biografie.aspx?biografie_id=4162,LU,Lucerne,N,V,Groupe de l'Union démocratique du Centre,Franz,Membre,,Grüter,3076,UDC,Union Démocratique du Centre,http://www.parlament.ch/SiteCollectionImages/profil/225x225/3076.jpg
4087,2019-10-22T15:18:44Z,http://www.parlament.ch/f/suche/Pages/biografie.aspx?biografie_id=4087,JU,Jura,N,M-E,Le Groupe du Centre. Le Centre. PEV.,Jean-Paul,Membre,,Gschwind,2798,M-E,Le Centre,http://www.parlament.ch/SiteCollectionImages/profil/225x225/2798.jpg
4214,2021-02-26T13:39:05Z,http://www.parlament.ch/f/suche/Pages/biografie.aspx?biografie_id=4214,ZH,Zurich,N,M-E,Le Groupe du Centre. Le Centre. PEV.,Niklaus-Samuel,Membre,www.nikgugger.ch,Gugger,3115,PEV,Parti évangélique suisse,http://www.parlament.ch/SiteCollectionImages/profil/225x225/3115.jpg
4310,2021-03-03T08:02:25Z,http://www.parlament.ch/f/suche/Pages/biografie.aspx?biografie_id=4310,BE,Berne,N,V,Groupe de l'Union démocratique du Centre,Lars,Membre,,Guggisberg,3206,UDC,Union Démocratique du Centre,http://www.parlament.ch/SiteCollectionImages/profil/225x225/3206.jpg
4216,2020-01-30T07:38:08Z,http://www.parlament.ch/f/suche/Pages/biografie.aspx?biografie_id=4216,TG,Thurgovie,N,V,Groupe de l'Union démocratique du Centre,Diana,Membre,www.diana-gutjahr.ch,Gutjahr,3117,UDC,Union Démocratique du Centre,http://www.parlament.ch/SiteCollectionImages/profil/225x225/3117.jpg
4121,2020-02-19T10:50:45Z,http://www.parlament.ch/f/suche/Pages/biografie.aspx?biografie_id=4121,SG,St-Gall,N,S,Groupe socialiste,Barbara,Membre,www.barbara-gysi.ch,Gysi,3026,PSS,Parti socialiste suisse,http://www.parlament.ch/SiteCollectionImages/profil/225x225/3026.jpg
4268,2020-11-02T15:52:55Z,http://www.parlament.ch/f/suche/Pages/biografie.aspx?biografie_id=4268,TI,Tessin,N,G,Groupe des Verts,Greta,Vice-président(e),www.gretagysin.ch,Gysin,3160,VERT-E-S,Les VERT-E-S suisses,http://www.parlament.ch/SiteCollectionImages/profil/225x225/3160.jpg
4236,2020-03-11T14:46:02Z,http://www.parlament.ch/f/suche/Pages/biografie.aspx?biografie_id=4236,ZH,Zurich,N,V,Groupe de l'Union démocratique du Centre,Martin,Membre,www.martinhaab.ch,Haab,3134,UDC,Union Démocratique du Centre,http://www.parlament.ch/SiteCollectionImages/profil/225x225/3134.jpg
3887,2019-10-25T15:18:44Z,http://www.parlament.ch/f/suche/Pages/biografie.aspx?biografie_id=3887,ZH,Zurich,N,V,Groupe de l'Union démocratique du Centre,Alfred,Membre,,Heer,2690,UDC,Union Démocratique du Centre,http://www.parlament.ch/SiteCollectionImages/profil/225x225/2690.jpg
4314,2020-03-31T09:19:39Z,http://www.parlament.ch/f/suche/Pages/biografie.aspx?biografie_id=4314,AG,Argovie,N,V,Groupe de l'Union démocratique du Centre,Stefanie,Membre,www.stefanie-heimgartner.ch,Heimgartner,3210,UDC,Union Démocratique du Centre,http://www.parlament.ch/SiteCollectionImages/profil/225x225/3210.jpg
4129,2019-12-03T13:42:26Z,http://www.parlament.ch/f/suche/Pages/biografie.aspx?biografie_id=4129,TG,Thurgovie,N,V,Groupe de l'Union démocratique du Centre,Verena,Membre,www.verena-herzog.ch,Herzog,3033,UDC,Union Démocratique du Centre,http://www.parlament.ch/SiteCollectionImages/profil/225x225/3033.jpg
4163,2019-12-12T17:28:12Z,http://www.parlament.ch/f/suche/Pages/biografie.aspx?biografie_id=4163,BE,Berne,N,V,Groupe de l'Union démocratique du Centre,Erich,Membre,www.erichhess.ch,Hess,3078,UDC,Union Démocratique du Centre,http://www.parlament.ch/SiteCollectionImages/profil/225x225/3078.jpg
4094,2021-03-22T16:47:43Z,http://www.parlament.ch/f/suche/Pages/biografie.aspx?biografie_id=4094,BE,Berne,N,M-E,Le Groupe du Centre. Le Centre. PEV.,Lorenz,Membre,www.lorenzhess.ch,Hess,2799,M-E,Le Centre,http://www.parlament.ch/SiteCollectionImages/profil/225x225/2799.jpg
4317,2020-02-26T09:20:30Z,http://www.parlament.ch/f/suche/Pages/biografie.aspx?biografie_id=4317,AG,Argovie,N,V,Groupe de l'Union démocratique du Centre,Alois,Membre,www.aloishuber.ch,Huber,3213,UDC,Union Démocratique du Centre,http://www.parlament.ch/SiteCollectionImages/profil/225x225/3213.jpg
1071,2019-12-04T09:02:41Z,http://www.parlament.ch/f/suche/Pages/biografie.aspx?biografie_id=1071,AG,Argovie,N,M-E,Le Groupe du Centre. Le Centre. PEV.,Ruth,Membre,www.ruthhumbel.ch,Humbel,2580,M-E,Le Centre,http://www.parlament.ch/SiteCollectionImages/profil/225x225/2580.jpg
4270,2019-11-15T12:01:42Z,http://www.parlament.ch/f/suche/Pages/biografie.aspx?biografie_id=4270,NE,Neuchâtel,N,S,Groupe socialiste,Baptiste,Membre,,Hurni,3162,PSS,Parti socialiste suisse,http://www.parlament.ch/SiteCollectionImages/profil/225x225/3162.jpg
3890,2019-10-22T15:18:44Z,http://www.parlament.ch/f/suche/Pages/biografie.aspx?biografie_id=3890,SH,Schaffhouse,N,V,Groupe de l'Union démocratique du Centre,Thomas,Membre,www.thomas-hurter.ch,Hurter,2693,UDC,Union Démocratique du Centre,http://www.parlament.ch/SiteCollectionImages/profil/225x225/2693.jpg
4164,2020-05-18T08:39:04Z,http://www.parlament.ch/f/suche/Pages/biografie.aspx?biografie_id=4164,SO,Soleure,N,V,Groupe de l'Union démocratique du Centre,Christian,Membre,www.christian-imark.ch,Imark,3080,UDC,Union Démocratique du Centre,http://www.parlament.ch/SiteCollectionImages/profil/225x225/3080.jpg
4208,2020-02-14T08:53:24Z,http://www.parlament.ch/f/suche/Pages/biografie.aspx?biografie_id=4208,AG,Argovie,N,RL,Groupe libéral-radical,Matthias Samuel,Membre,www.matthias-jauslin.ch,Jauslin,3109,PLR,PLR.Les Libéraux-Radicaux,http://www.parlament.ch/SiteCollectionImages/profil/225x225/3109.jpg
4218,2019-11-19T15:58:56Z,http://www.parlament.ch/f/suche/Pages/biografie.aspx?biografie_id=4218,AG,Argovie,N,G,Groupe des Verts,Irène,Membre,irenekaelin.ch,Kälin,3119,VERT-E-S,Les VERT-E-S suisses,http://www.parlament.ch/SiteCollectionImages/profil/225x225/3119.jpg
4271,2020-12-08T14:26:21Z,http://www.parlament.ch/f/suche/Pages/biografie.aspx?biografie_id=4271,VS,Valais,N,M-E,Le Groupe du Centre. Le Centre. PEV.,Sidney,Membre,www.sidneykamerzin.ch,Kamerzin,3163,M-E,Le Centre,http://www.parlament.ch/SiteCollectionImages/profil/225x225/3163.jpg
4098,2019-11-12T11:57:21Z,http://www.parlament.ch/f/suche/Pages/biografie.aspx?biografie_id=4098,NW,Nidwald,N,V,Groupe de l'Union démocratique du Centre,Peter,Membre,www.kellerpeter.ch,Keller,3013,UDC,Union Démocratique du Centre,http://www.parlament.ch/SiteCollectionImages/profil/225x225/3013.jpg
4272,2021-06-02T07:31:19Z,http://www.parlament.ch/f/suche/Pages/biografie.aspx?biografie_id=4272,GE,Genève,N,G,Groupe des Verts,Delphine,Membre,www.delphineklopfenstein.ch,Klopfenstein Broggini,3164,VERT-E-S,Les VERT-E-S suisses,http://www.parlament.ch/SiteCollectionImages/profil/225x225/3164.jpg
4166,2019-11-14T15:20:39Z,http://www.parlament.ch/f/suche/Pages/biografie.aspx?biografie_id=4166,ZH,Zurich,N,V,Groupe de l'Union démocratique du Centre,Roger,Membre,www.rogerköppel.ch,Köppel,3082,UDC,Union Démocratique du Centre,http://www.parlament.ch/SiteCollectionImages/profil/225x225/3082.jpg
4225,2019-12-11T09:09:05Z,http://www.parlament.ch/f/suche/Pages/biografie.aspx?biografie_id=4225,ZH,Zurich,N,M-E,Le Groupe du Centre. Le Centre. PEV.,Philipp,Membre,www.philippkutter.ch,Kutter,3126,M-E,Le Centre,http://www.parlament.ch/SiteCollectionImages/profil/225x225/3126.jpg
4008,2019-11-07T16:21:13Z,http://www.parlament.ch/f/suche/Pages/biografie.aspx?biografie_id=4008,GL,Glaris,N,M-E,Le Groupe du Centre. Le Centre. PEV.,Martin,Membre,www.landolt.info,Landolt,2735,M-E,Le Centre,http://www.parlament.ch/SiteCollectionImages/profil/225x225/2735.jpg
4273,2020-12-14T10:40:21Z,http://www.parlament.ch/f/suche/Pages/biografie.aspx?biografie_id=4273,GR,Grisons,N,S,Groupe socialiste,Sandra,Membre,locherbenguerel.ch,Locher Benguerel,3165,PSS,Parti socialiste suisse,http://www.parlament.ch/SiteCollectionImages/profil/225x225/3165.jpg
4118,2019-11-13T16:31:05Z,http://www.parlament.ch/f/suche/Pages/biografie.aspx?biografie_id=4118,TG,Thurgovie,N,M-E,Le Groupe du Centre. Le Centre. PEV.,Christian,Membre,www.lohr.ch,Lohr,3024,M-E,Le Centre,http://www.parlament.ch/SiteCollectionImages/profil/225x225/3024.jpg
3895,2019-10-22T15:22:34Z,http://www.parlament.ch/f/suche/Pages/biografie.aspx?biografie_id=3895,GE,Genève,N,RL,Groupe libéral-radical,Christian,Membre,www.christianluscher.ch,Lüscher,2698,PLR,PLR.Les Libéraux-Radicaux,http://www.parlament.ch/SiteCollectionImages/profil/225x225/2698.jpg
4274,2019-12-12T15:19:16Z,http://www.parlament.ch/f/suche/Pages/biografie.aspx?biografie_id=4274,ZH,Zurich,N,GL,Groupe vert'libéral,Jörg,Membre,www.joergmaeder.ch,Mäder,3166,pvl,Parti vert'libéral,http://www.parlament.ch/SiteCollectionImages/profil/225x225/3166.jpg
491,2019-12-13T14:34:54Z,http://www.parlament.ch/f/suche/Pages/biografie.aspx?biografie_id=491,VD,Vaud,N,S,Groupe socialiste,Pierre-Yves,Membre,,Maillard,2513,PSS,Parti socialiste suisse,http://www.parlament.ch/SiteCollectionImages/profil/225x225/2513.jpg
4275,2020-10-06T07:09:53Z,http://www.parlament.ch/f/suche/Pages/biografie.aspx?biografie_id=4275,GE,Genève,N,M-E,Le Groupe du Centre. Le Centre. PEV.,Vincent,Membre,www.jwpartners.ch,Maitre,3167,M-E,Le Centre,http://www.parlament.ch/SiteCollectionImages/profil/225x225/3167.jpg
4311,2021-05-17T15:07:44Z,http://www.parlament.ch/f/suche/Pages/biografie.aspx?biografie_id=4311,TI,Tessin,N,V,Groupe de l'Union démocratique du Centre,Piero,Membre,www.pieromarchesi.ch,Marchesi,3207,UDC,Union Démocratique du Centre,http://www.parlament.ch/SiteCollectionImages/profil/225x225/3207.jpg
1139,2019-11-19T16:42:06Z,http://www.parlament.ch/f/suche/Pages/biografie.aspx?biografie_id=1139,BE,Berne,N,RL,Groupe libéral-radical,Christa,Membre,www.christa-markwalder.ch,Markwalder,2614,PLR,PLR.Les Libéraux-Radicaux,http://www.parlament.ch/SiteCollectionImages/profil/225x225/2614.jpg
3923,2019-11-26T16:57:45Z,http://www.parlament.ch/f/suche/Pages/biografie.aspx?biografie_id=3923,VD,Vaud,N,S,Groupe socialiste,Ada,Membre,www.adamarra.blogspot.com,Marra,2726,PSS,Parti socialiste suisse,http://www.parlament.ch/SiteCollectionImages/profil/225x225/2726.jpg
4197,2021-03-23T15:28:13Z,http://www.parlament.ch/f/suche/Pages/biografie.aspx?biografie_id=4197,ZH,Zurich,N,S,Groupe socialiste,Min Li,Membre,www.minli-marti.ch,Marti,3084,PSS,Parti socialiste suisse,http://www.parlament.ch/SiteCollectionImages/profil/225x225/3084.jpg
4228,2020-12-08T17:12:25Z,http://www.parlament.ch/f/suche/Pages/biografie.aspx?biografie_id=4228,BL,Bâle-Campagne,N,S,Groupe socialiste,Samira,Membre,www.samira-marti.ch,Marti,3129,PSS,Parti socialiste suisse,http://www.parlament.ch/SiteCollectionImages/profil/225x225/3129.jpg
4167,2019-10-22T15:22:34Z,http://www.parlament.ch/f/suche/Pages/biografie.aspx?biografie_id=4167,GR,Grisons,N,V,Groupe de l'Union démocratique du Centre,Magdalena,Membre,www.martullo-blocher.ch,Martullo-Blocher,3085,UDC,Union Démocratique du Centre,http://www.parlament.ch/SiteCollectionImages/profil/225x225/3085.jpg
4130,2020-11-10T08:02:18Z,http://www.parlament.ch/f/suche/Pages/biografie.aspx?biografie_id=4130,BE,Berne,N,S,Groupe socialiste,Nadine,Vice-président(e),www.nadinemasshardt.ch,Masshardt,3034,PSS,Parti socialiste suisse,http://www.parlament.ch/SiteCollectionImages/profil/225x225/3034.jpg
4276,2019-11-13T17:15:32Z,http://www.parlament.ch/f/suche/Pages/biografie.aspx?biografie_id=4276,GE,Genève,N,GL,Groupe vert'libéral,Michel,Membre,,Matter,3168,pvl,Parti vert'libéral,http://www.parlament.ch/SiteCollectionImages/profil/225x225/3168.jpg
4144,2019-10-22T15:22:34Z,http://www.parlament.ch/f/suche/Pages/biografie.aspx?biografie_id=4144,ZH,Zurich,N,V,Groupe de l'Union démocratique du Centre,Thomas,Membre,www.thomasmatter.ch,Matter,3046,UDC,Union Démocratique du Centre,http://www.parlament.ch/SiteCollectionImages/profil/225x225/3046.jpg
4277,2021-03-03T08:13:48Z,http://www.parlament.ch/f/suche/Pages/biografie.aspx?biografie_id=4277,BE,Berne,N,GL,Groupe vert'libéral,Melanie,Membre,,Mettler,3169,pvl,Parti vert'libéral,http://www.parlament.ch/SiteCollectionImages/profil/225x225/3169.jpg
4198,2020-12-09T08:17:48Z,http://www.parlament.ch/f/suche/Pages/biografie.aspx?biografie_id=4198,ZH,Zurich,N,S,Groupe socialiste,Mattea,Membre,www.matteameyer.ch,Meyer,3087,PSS,Parti socialiste suisse,http://www.parlament.ch/SiteCollectionImages/profil/225x225/3087.jpg
4278,2021-01-22T08:16:30Z,http://www.parlament.ch/f/suche/Pages/biografie.aspx?biografie_id=4278,VD,Vaud,N,G,Groupe des Verts,Sophie,Membre,,Michaud Gigon,3170,VERT-E-S,Les VERT-E-S suisses,http://www.parlament.ch/SiteCollectionImages/profil/225x225/3170.jpg
4223,2021-02-12T08:22:43Z,http://www.parlament.ch/f/suche/Pages/biografie.aspx?biografie_id=4223,ZH,Zurich,N,S,Groupe socialiste,Fabian,Membre,www.fabianmolina.ch,Molina,3124,PSS,Parti socialiste suisse,http://www.parlament.ch/SiteCollectionImages/profil/225x225/3124.jpg
1346,2021-03-15T16:48:55Z,http://www.parlament.ch/f/suche/Pages/biografie.aspx?biografie_id=1346,VD,Vaud,N,RL,Groupe libéral-radical,Isabelle,Membre,www.isabellemoret.ch,Moret,2660,PLR,PLR.Les Libéraux-Radicaux,http://www.parlament.ch/SiteCollectionImages/profil/225x225/2660.jpg
3897,2021-02-01T15:15:41Z,http://www.parlament.ch/f/suche/Pages/biografie.aspx?biografie_id=3897,ZH,Zurich,N,GL,Groupe vert'libéral,Tiana Angelina,Président(e),www.tianamoser.ch,Moser,2700,pvl,Parti vert'libéral,http://www.parlament.ch/SiteCollectionImages/profil/225x225/2700.jpg
4097,2019-11-19T16:53:54Z,http://www.parlament.ch/f/suche/Pages/biografie.aspx?biografie_id=4097,LU,Lucerne,N,M-E,Le Groupe du Centre. Le Centre. PEV.,Leo,Membre,www.leo-mueller.ch,Müller,3012,M-E,Le Centre,http://www.parlament.ch/SiteCollectionImages/profil/225x225/3012.jpg
4063,2019-12-13T12:00:21Z,http://www.parlament.ch/f/suche/Pages/biografie.aspx?biografie_id=4063,SO,Soleure,N,M-E,Le Groupe du Centre. Le Centre. PEV.,Stefan,Membre,www.mueller-altermatt.ch,Müller-Altermatt,2771,M-E,Le Centre,http://www.parlament.ch/SiteCollectionImages/profil/225x225/2771.jpg
4134,2019-12-13T08:59:56Z,http://www.parlament.ch/f/suche/Pages/biografie.aspx?biografie_id=4134,SH,Schaffhouse,N,S,Groupe socialiste,Martina,Membre,www.martinamunz.ch,Munz,3036,PSS,Parti socialiste suisse,http://www.parlament.ch/SiteCollectionImages/profil/225x225/3036.jpg
4193,2019-11-15T11:43:23Z,http://www.parlament.ch/f/suche/Pages/biografie.aspx?biografie_id=4193,VS,Valais,N,RL,Groupe libéral-radical,Philippe,Membre,www.nantermod.com,Nantermod,3088,PLR,PLR.Les Libéraux-Radicaux,http://www.parlament.ch/SiteCollectionImages/profil/225x225/3088.jpg
4168,2020-11-04T14:32:15Z,http://www.parlament.ch/f/suche/Pages/biografie.aspx?biografie_id=4168,VD,Vaud,N,V,Groupe de l'Union démocratique du Centre,Jacques,Membre,,Nicolet,3089,UDC,Union Démocratique du Centre,http://www.parlament.ch/SiteCollectionImages/profil/225x225/3089.jpg
3898,2020-02-14T15:18:51Z,http://www.parlament.ch/f/suche/Pages/biografie.aspx?biografie_id=3898,GE,Genève,N,V,Groupe de l'Union démocratique du Centre,Yves,Membre,www.nideggerlaw.ch,Nidegger,2701,UDC,Union Démocratique du Centre,http://www.parlament.ch/SiteCollectionImages/profil/225x225/2701.jpg
1279,2020-02-14T15:09:56Z,http://www.parlament.ch/f/suche/Pages/biografie.aspx?biografie_id=1279,VD,Vaud,N,S,Groupe socialiste,Roger,Président(e),www.roger-nordmann.ch,Nordmann,2648,PSS,Parti socialiste suisse,http://www.parlament.ch/SiteCollectionImages/profil/225x225/2648.jpg
3899,2020-12-04T14:50:09Z,http://www.parlament.ch/f/suche/Pages/biografie.aspx?biografie_id=3899,BL,Bâle-Campagne,N,S,Groupe socialiste,Eric,Membre,eric-nussbaumer.ch,Nussbaumer,2702,PSS,Parti socialiste suisse,http://www.parlament.ch/SiteCollectionImages/profil/225x225/2702.jpg
4222,2019-10-22T15:26:47Z,http://www.parlament.ch/f/suche/Pages/biografie.aspx?biografie_id=4222,SG,St-Gall,N,M-E,Le Groupe du Centre. Le Centre. PEV.,Nicolo,Membre,www.nicolo-paganini.ch,Paganini,3123,M-E,Le Centre,http://www.parlament.ch/SiteCollectionImages/profil/225x225/3123.jpg
4169,2020-05-07T14:21:12Z,http://www.parlament.ch/f/suche/Pages/biografie.aspx?biografie_id=4169,FR,Fribourg,N,V,Groupe de l'Union démocratique du Centre,Pierre-André,Membre,www.pierreandrepage.ch,Page,3090,UDC,Union Démocratique du Centre,http://www.parlament.ch/SiteCollectionImages/profil/225x225/3090.jpg
4308,2020-11-02T16:11:39Z,http://www.parlament.ch/f/suche/Pages/biografie.aspx?biografie_id=4308,GE,Genève,N,G,Groupe des Verts,Isabelle,Membre,,Pasquier-Eichenberger,3204,VERT-E-S,Les VERT-E-S suisses,http://www.parlament.ch/SiteCollectionImages/profil/225x225/3204.jpg
1109,2021-06-03T11:55:11Z,http://www.parlament.ch/f/suche/Pages/biografie.aspx?biografie_id=1109,ZG,Zoug,N,M-E,Le Groupe du Centre. Le Centre. PEV.,Gerhard,Membre,www.gpfister.ch,Pfister,2623,M-E,Le Centre,http://www.parlament.ch/SiteCollectionImages/profil/225x225/2623.jpg
4109,2020-02-14T14:32:56Z,http://www.parlament.ch/f/suche/Pages/biografie.aspx?biografie_id=4109,FR,Fribourg,N,S,Groupe socialiste,Valérie,Membre,www.valerie-piller-carrard.ch,Piller Carrard,3009,PSS,Parti socialiste suisse,http://www.parlament.ch/SiteCollectionImages/profil/225x225/3009.jpg
4279,2021-03-23T15:55:40Z,http://www.parlament.ch/f/suche/Pages/biografie.aspx?biografie_id=4279,VD,Vaud,N,GL,Groupe vert'libéral,François,Membre,www.francoispointet.ch,Pointet,3171,pvl,Parti vert'libéral,http://www.parlament.ch/SiteCollectionImages/profil/225x225/3171.jpg
4280,2019-12-13T14:37:36Z,http://www.parlament.ch/f/suche/Pages/biografie.aspx?biografie_id=4280,VD,Vaud,N,G,Groupe des Verts,Léonore,Membre,www.leonoreporchet.ch,Porchet,3172,VERT-E-S,Les VERT-E-S suisses,http://www.parlament.ch/SiteCollectionImages/profil/225x225/3172.jpg
4141,2020-06-09T17:25:07Z,http://www.parlament.ch/f/suche/Pages/biografie.aspx?biografie_id=4141,ZH,Zurich,N,RL,Groupe libéral-radical,Hans-Peter,Membre,www.hanspeter-portmann.ch,Portmann,3043,PLR,PLR.Les Libéraux-Radicaux,http://www.parlament.ch/SiteCollectionImages/profil/225x225/3043.jpg
3999,2021-03-23T16:18:02Z,http://www.parlament.ch/f/suche/Pages/biografie.aspx?biografie_id=3999,ZH,Zurich,N,G,Groupe des Verts,Katharina,Membre,www.prelicz-huber.ch,Prelicz-Huber,2732,VERT-E-S,Les VERT-E-S suisses,http://www.parlament.ch/SiteCollectionImages/profil/225x225/2732.jpg
4301,2021-06-09T13:40:50Z,http://www.parlament.ch/f/suche/Pages/biografie.aspx?biografie_id=4301,GE,Genève,N,G,Groupe des Verts,Stefania,Membre,applicationspub.unil.ch/interpub/noauth/php/Un/UnPers.php?PerNum=880682&LanCode=37,Prezioso Batou,3161,EGsolS,Ensemble à Gauche/solidaritéS,http://www.parlament.ch/SiteCollectionImages/profil/225x225/3161.jpg
4281,2020-12-07T11:47:17Z,http://www.parlament.ch/f/suche/Pages/biografie.aspx?biografie_id=4281,GR,Grisons,N,S,Groupe socialiste,Jon,Membre,jonpult.ch,Pult,3173,PSS,Parti socialiste suisse,http://www.parlament.ch/SiteCollectionImages/profil/225x225/3173.jpg
4307,2019-11-21T10:56:43Z,http://www.parlament.ch/f/suche/Pages/biografie.aspx?biografie_id=4307,VD,Vaud,N,G,Groupe des Verts,Valentine,Membre,https://blogs.letemps.ch/valentine-python/,Python,3203,VERT-E-S,Les VERT-E-S suisses,http://www.parlament.ch/SiteCollectionImages/profil/225x225/3203.jpg
4046,2020-05-13T12:04:26Z,http://www.parlament.ch/f/suche/Pages/biografie.aspx?biografie_id=4046,TI,Tessin,N,V,Groupe de l'Union démocratique du Centre,Lorenzo,Membre,www.lorenzoquadri.ch,Quadri,2752,Lega,Lega dei Ticinesi,http://www.parlament.ch/SiteCollectionImages/profil/225x225/2752.jpg
4282,2021-02-01T15:20:06Z,http://www.parlament.ch/f/suche/Pages/biografie.aspx?biografie_id=4282,AI,Appenzell Rh.-Int.,N,M-E,Le Groupe du Centre. Le Centre. PEV.,Thomas,Membre,,Rechsteiner,3174,M-E,Le Centre,http://www.parlament.ch/SiteCollectionImages/profil/225x225/3174.jpg
4072,2019-11-21T16:29:15Z,http://www.parlament.ch/f/suche/Pages/biografie.aspx?biografie_id=4072,TI,Tessin,N,M-E,Le Groupe du Centre. Le Centre. PEV.,Fabio,Membre,www.fabioregazzi.ch,Regazzi,2776,M-E,Le Centre,http://www.parlament.ch/SiteCollectionImages/profil/225x225/2776.jpg
3901,2021-02-01T15:26:10Z,http://www.parlament.ch/f/suche/Pages/biografie.aspx?biografie_id=3901,SG,St-Gall,N,V,Groupe de l'Union démocratique du Centre,Lukas,Membre,www.lukas-reimann.ch,Reimann,2704,UDC,Union Démocratique du Centre,http://www.parlament.ch/SiteCollectionImages/profil/225x225/2704.jpg
4313,2021-03-23T16:21:41Z,http://www.parlament.ch/f/suche/Pages/biografie.aspx?biografie_id=4313,AG,Argovie,N,RL,Groupe libéral-radical,Maja,Membre,www.maja-riniker.ch,Riniker,3209,PLR,PLR.Les Libéraux-Radicaux,http://www.parlament.ch/SiteCollectionImages/profil/225x225/3209.jpg
4052,2019-10-24T12:19:57Z,http://www.parlament.ch/f/suche/Pages/biografie.aspx?biografie_id=4052,SG,St-Gall,N,M-E,Le Groupe du Centre. Le Centre. PEV.,Markus,Membre,www.markusritter.ch,Ritter,2754,M-E,Le Centre,http://www.parlament.ch/SiteCollectionImages/profil/225x225/2754.jpg
4220,2020-06-10T09:29:46Z,http://www.parlament.ch/f/suche/Pages/biografie.aspx?biografie_id=4220,VS,Valais,N,M-E,Le Groupe du Centre. Le Centre. PEV.,Benjamin,Membre,www.benjaminroduit.ch,Roduit,3121,M-E,Le Centre,http://www.parlament.ch/SiteCollectionImages/profil/225x225/3121.jpg
4120,2021-03-03T08:58:08Z,http://www.parlament.ch/f/suche/Pages/biografie.aspx?biografie_id=4120,TI,Tessin,N,M-E,Le Groupe du Centre. Le Centre. PEV.,Marco,Vice-président(e),www.marcoromano.ch,Romano,3025,M-E,Le Centre,http://www.parlament.ch/SiteCollectionImages/profil/225x225/3025.jpg
4100,2020-08-26T09:09:59Z,http://www.parlament.ch/f/suche/Pages/biografie.aspx?biografie_id=4100,BE,Berne,N,V,Groupe de l'Union démocratique du Centre,Albert,Membre,www.albertroesti.ch,Rösti,3010,UDC,Union Démocratique du Centre,http://www.parlament.ch/SiteCollectionImages/profil/225x225/3010.jpg
4283,2020-06-05T08:46:44Z,http://www.parlament.ch/f/suche/Pages/biografie.aspx?biografie_id=4283,SO,Soleure,N,S,Groupe socialiste,Franziska,Membre,www.franziskaroth.ch,Roth,3175,PSS,Parti socialiste suisse,http://www.parlament.ch/SiteCollectionImages/profil/225x225/3175.jpg
4284,2021-03-23T16:23:09Z,http://www.parlament.ch/f/suche/Pages/biografie.aspx?biografie_id=4284,FR,Fribourg,N,M-E,Le Groupe du Centre. Le Centre. PEV.,Marie-France,Membre,,Roth Pasquier,3176,M-E,Le Centre,http://www.parlament.ch/SiteCollectionImages/profil/225x225/3176.jpg
4285,2020-05-07T14:26:19Z,http://www.parlament.ch/f/suche/Pages/biografie.aspx?biografie_id=4285,OW,Obwald,N,V,Groupe de l'Union démocratique du Centre,Monika,Membre,monika-rüegger.ch,Rüegger,3177,UDC,Union Démocratique du Centre,http://www.parlament.ch/SiteCollectionImages/profil/225x225/3177.jpg
4125,2019-11-20T16:54:50Z,http://www.parlament.ch/f/suche/Pages/biografie.aspx?biografie_id=4125,ZH,Zurich,N,V,Groupe de l'Union démocratique du Centre,Gregor,Membre,www.gregor-rutz.ch,Rutz,3030,UDC,Union Démocratique du Centre,http://www.parlament.ch/SiteCollectionImages/profil/225x225/3030.jpg
4286,2021-02-01T15:34:16Z,http://www.parlament.ch/f/suche/Pages/biografie.aspx?biografie_id=4286,SG,St-Gall,N,G,Groupe des Verts,Franziska,Membre,franziskaryser.ch,Ryser,3178,VERT-E-S,Les VERT-E-S suisses,http://www.parlament.ch/SiteCollectionImages/profil/225x225/3178.jpg
4095,2020-11-02T16:05:04Z,http://www.parlament.ch/f/suche/Pages/biografie.aspx?biografie_id=4095,BE,Berne,N,G,Groupe des Verts,Regula,Membre,www.regularytz.ch,Rytz,3000,VERT-E-S,Les VERT-E-S suisses,http://www.parlament.ch/SiteCollectionImages/profil/225x225/3000.jpg
4202,2019-10-31T11:24:40Z,http://www.parlament.ch/f/suche/Pages/biografie.aspx?biografie_id=4202,ZH,Zurich,N,RL,Groupe libéral-radical,Regine,Membre,www.regine-sauter.ch,Sauter,3103,PLR,PLR.Les Libéraux-Radicaux,http://www.parlament.ch/SiteCollectionImages/profil/225x225/3103.jpg
4287,2021-06-09T13:46:15Z,http://www.parlament.ch/f/suche/Pages/biografie.aspx?biografie_id=4287,ZH,Zurich,N,GL,Groupe vert'libéral,Barbara,Membre,www.barbaraschaffner.ch,Schaffner,3179,pvl,Parti vert'libéral,http://www.parlament.ch/SiteCollectionImages/profil/225x225/3179.jpg
4124,2020-08-18T11:37:17Z,http://www.parlament.ch/f/suche/Pages/biografie.aspx?biografie_id=4124,LU,Lucerne,N,RL,Groupe libéral-radical,Peter,Membre,www.peter-schilliger.ch,Schilliger,3029,PLR,PLR.Les Libéraux-Radicaux,http://www.parlament.ch/SiteCollectionImages/profil/225x225/3029.jpg
4234,2020-05-07T15:13:10Z,http://www.parlament.ch/f/suche/Pages/biografie.aspx?biografie_id=4234,ZH,Zurich,N,V,Groupe de l'Union démocratique du Centre,Therese,Membre,www.therese-schlaepfer.ch,Schläpfer,3135,UDC,Union Démocratique du Centre,http://www.parlament.ch/SiteCollectionImages/profil/225x225/3135.jpg
4288,2019-10-31T10:57:44Z,http://www.parlament.ch/f/suche/Pages/biografie.aspx?biografie_id=4288,ZH,Zurich,N,G,Groupe des Verts,Marionna,Membre,marionnaschlatter.ch,Schlatter,3180,VERT-E-S,Les VERT-E-S suisses,http://www.parlament.ch/SiteCollectionImages/profil/225x225/3180.jpg
4060,2020-12-08T14:46:07Z,http://www.parlament.ch/f/suche/Pages/biografie.aspx?biografie_id=4060,BL,Bâle-Campagne,N,RL,Groupe libéral-radical,Daniela,Membre,www.danielaschneeberger.ch,Schneeberger,2766,PLR,PLR.Les Libéraux-Radicaux,http://www.parlament.ch/SiteCollectionImages/profil/225x225/2766.jpg
4289,2019-11-07T14:06:03Z,http://www.parlament.ch/f/suche/Pages/biografie.aspx?biografie_id=4289,ZH,Zurich,N,G,Groupe des Verts,Meret,Membre,www.meret-schneider.ch,Schneider,3181,VERT-E-S,Les VERT-E-S suisses,http://www.parlament.ch/SiteCollectionImages/profil/225x225/3181.jpg
4123,2021-02-01T15:42:17Z,http://www.parlament.ch/f/suche/Pages/biografie.aspx?biografie_id=4123,FR,Fribourg,N,S,Groupe socialiste,Ursula,Membre,,Schneider Schüttel,3028,PSS,Parti socialiste suisse,http://www.parlament.ch/SiteCollectionImages/profil/225x225/3028.jpg
4040,2020-09-11T12:10:47Z,http://www.parlament.ch/f/suche/Pages/biografie.aspx?biografie_id=4040,BL,Bâle-Campagne,N,M-E,Le Groupe du Centre. Le Centre. PEV.,Elisabeth,Membre,www.elisabethschneider.ch,Schneider-Schneiter,2748,M-E,Le Centre,http://www.parlament.ch/SiteCollectionImages/profil/225x225/2748.jpg
1159,2015-11-12T17:46:50Z,http://www.parlament.ch/f/suche/Pages/biografie.aspx?biografie_id=1159,SZ,Schwyz,N,V,Groupe de l'Union démocratique du Centre,Pirmin,Membre,www.pirmin-schwander.ch,Schwander,2631,UDC,Union Démocratique du Centre,http://www.parlament.ch/SiteCollectionImages/profil/225x225/2631.jpg
4199,2021-02-01T16:57:48Z,http://www.parlament.ch/f/suche/Pages/biografie.aspx?biografie_id=4199,ZH,Zurich,N,S,Groupe socialiste,Priska,Membre,www.priskaseilergraf.ch,Seiler Graf,3094,PSS,Parti socialiste suisse,http://www.parlament.ch/SiteCollectionImages/profil/225x225/3094.jpg
4146,2019-11-15T16:21:49Z,http://www.parlament.ch/f/suche/Pages/biografie.aspx?biografie_id=4146,BE,Berne,N,M-E,Le Groupe du Centre. Le Centre. PEV.,Heinz,Membre,www.heinzsiegenthaler.ch,Siegenthaler,3048,M-E,Le Centre,http://www.parlament.ch/SiteCollectionImages/profil/225x225/3048.jpg
4290,2020-10-28T08:41:32Z,http://www.parlament.ch/f/suche/Pages/biografie.aspx?biografie_id=4290,ZH,Zurich,N,RL,Groupe libéral-radical,Andri,Membre,www.andrisilberschmidt.ch,Silberschmidt,3182,PLR,PLR.Les Libéraux-Radicaux,http://www.parlament.ch/SiteCollectionImages/profil/225x225/3182.jpg
4173,2020-01-07T11:24:11Z,http://www.parlament.ch/f/suche/Pages/biografie.aspx?biografie_id=4173,BL,Bâle-Campagne,N,V,Groupe de l'Union démocratique du Centre,Sandra,Membre,www.sandrasollberger.ch,Sollberger,3095,UDC,Union Démocratique du Centre,http://www.parlament.ch/SiteCollectionImages/profil/225x225/3095.jpg
4292,2019-10-31T14:32:31Z,http://www.parlament.ch/f/suche/Pages/biografie.aspx?biografie_id=4292,UR,Uri,N,M-E,Le Groupe du Centre. Le Centre. PEV.,Simon,Membre,www.simon-stadler.ch,Stadler,3184,M-E,Le Centre,http://www.parlament.ch/SiteCollectionImages/profil/225x225/3184.jpg
4174,2019-12-12T16:56:21Z,http://www.parlament.ch/f/suche/Pages/biografie.aspx?biografie_id=4174,ZH,Zurich,N,V,Groupe de l'Union démocratique du Centre,Barbara,Membre,,Steinemann,3096,UDC,Union Démocratique du Centre,http://www.parlament.ch/SiteCollectionImages/profil/225x225/3096.jpg
4312,2020-02-14T15:04:22Z,http://www.parlament.ch/f/suche/Pages/biografie.aspx?biografie_id=4312,TI,Tessin,N,S,Groupe socialiste,Bruno,Membre,,Storni,3208,PSS,Parti socialiste suisse,http://www.parlament.ch/SiteCollectionImages/profil/225x225/3208.jpg
4036,2020-06-10T09:35:01Z,http://www.parlament.ch/f/suche/Pages/biografie.aspx?biografie_id=4036,BE,Berne,N,M-E,Le Groupe du Centre. Le Centre. PEV.,Marianne,Membre,www.marianne-streiff.ch,Streiff-Feller,2747,PEV,Parti évangélique suisse,http://www.parlament.ch/SiteCollectionImages/profil/225x225/2747.jpg
4293,2021-02-01T15:52:33Z,http://www.parlament.ch/f/suche/Pages/biografie.aspx?biografie_id=4293,TG,Thurgovie,N,V,Groupe de l'Union démocratique du Centre,Manuel,Membre,,Strupler,3185,UDC,Union Démocratique du Centre,http://www.parlament.ch/SiteCollectionImages/profil/225x225/3185.jpg
4294,2019-12-13T14:14:57Z,http://www.parlament.ch/f/suche/Pages/biografie.aspx?biografie_id=4294,AG,Argovie,N,M-E,Le Groupe du Centre. Le Centre. PEV.,Lilian,Membre,www.lilianstuder.ch,Studer,3186,PEV,Parti évangélique suisse,http://www.parlament.ch/SiteCollectionImages/profil/225x225/3186.jpg
4295,2021-03-03T09:23:47Z,http://www.parlament.ch/f/suche/Pages/biografie.aspx?biografie_id=4295,AG,Argovie,N,S,Groupe socialiste,Gabriela,Membre,www.gabrielasuter.ch,Suter,3187,PSS,Parti socialiste suisse,http://www.parlament.ch/SiteCollectionImages/profil/225x225/3187.jpg
4221,2021-01-19T15:30:56Z,http://www.parlament.ch/f/suche/Pages/biografie.aspx?biografie_id=4221,LU,Lucerne,N,G,Groupe des Verts,Michael,Membre,www.michael-toengi.ch,Töngi,3122,VERT-E-S,Les VERT-E-S suisses,http://www.parlament.ch/SiteCollectionImages/profil/225x225/3122.jpg
4128,2020-11-02T15:52:13Z,http://www.parlament.ch/f/suche/Pages/biografie.aspx?biografie_id=4128,BE,Berne,N,G,Groupe des Verts,Aline,Président(e),www.alinetrede.ch,Trede,3032,VERT-E-S,Les VERT-E-S suisses,http://www.parlament.ch/SiteCollectionImages/profil/225x225/3032.jpg
4175,2019-11-14T14:13:23Z,http://www.parlament.ch/f/suche/Pages/biografie.aspx?biografie_id=4175,ZH,Zurich,N,V,Groupe de l'Union démocratique du Centre,Mauro,Membre,www.mauro-tuena.ch,Tuena,3097,UDC,Union Démocratique du Centre,http://www.parlament.ch/SiteCollectionImages/profil/225x225/3097.jpg
4065,2020-03-03T17:30:42Z,http://www.parlament.ch/f/suche/Pages/biografie.aspx?biografie_id=4065,BE,Berne,N,V,Groupe de l'Union démocratique du Centre,Nadja,Membre,www.nadja-pieren.ch,Umbricht Pieren,2781,UDC,Union Démocratique du Centre,http://www.parlament.ch/SiteCollectionImages/profil/225x225/2781.jpg
4296,2021-06-09T13:51:11Z,http://www.parlament.ch/f/suche/Pages/biografie.aspx?biografie_id=4296,SG,St-Gall,N,RL,Groupe libéral-radical,Susanne,Membre,www.vincenz-stauffacher.ch,Vincenz-Stauffacher,3188,PLR,PLR.Les Libéraux-Radicaux,http://www.parlament.ch/SiteCollectionImages/profil/225x225/3188.jpg
4176,2020-12-22T15:41:27Z,http://www.parlament.ch/f/suche/Pages/biografie.aspx?biografie_id=4176,ZH,Zurich,N,V,Groupe de l'Union démocratique du Centre,Hans-Ueli,Membre,www.hansuelivogt.ch,Vogt,3098,UDC,Union Démocratique du Centre,http://www.parlament.ch/SiteCollectionImages/profil/225x225/3098.jpg
3910,2019-10-22T15:28:14Z,http://www.parlament.ch/f/suche/Pages/biografie.aspx?biografie_id=3910,BE,Berne,N,V,Groupe de l'Union démocratique du Centre,Erich,Membre,www.erichv7thal.ch,von Siebenthal,2713,UDC,Union Démocratique du Centre,http://www.parlament.ch/SiteCollectionImages/profil/225x225/2713.jpg
4297,2021-05-26T15:36:37Z,http://www.parlament.ch/f/suche/Pages/biografie.aspx?biografie_id=4297,GE,Genève,N,G,Groupe des Verts,Nicolas,Membre,,Walder,3189,VERT-E-S,Les VERT-E-S suisses,http://www.parlament.ch/SiteCollectionImages/profil/225x225/3189.jpg
4177,2020-12-04T13:23:59Z,http://www.parlament.ch/f/suche/Pages/biografie.aspx?biografie_id=4177,ZH,Zurich,N,V,Groupe de l'Union démocratique du Centre,Bruno,Membre,www.brunowalliser.ch,Walliser,3099,UDC,Union Démocratique du Centre,http://www.parlament.ch/SiteCollectionImages/profil/225x225/3099.jpg
4142,2019-12-12T17:11:42Z,http://www.parlament.ch/f/suche/Pages/biografie.aspx?biografie_id=4142,ZH,Zurich,N,RL,Groupe libéral-radical,Beat,Président(e),www.beatwalti.ch,Walti,3044,PLR,PLR.Les Libéraux-Radicaux,http://www.parlament.ch/SiteCollectionImages/profil/225x225/3044.jpg
3912,2019-10-25T17:05:53Z,http://www.parlament.ch/f/suche/Pages/biografie.aspx?biografie_id=3912,BE,Berne,N,RL,Groupe libéral-radical,Christian,Membre,www.wasserfallen.news,Wasserfallen,2715,PLR,PLR.Les Libéraux-Radicaux,http://www.parlament.ch/SiteCollectionImages/profil/225x225/2715.jpg
4224,2021-02-01T16:12:00Z,http://www.parlament.ch/f/suche/Pages/biografie.aspx?biografie_id=4224,BE,Berne,N,S,Groupe socialiste,Flavia,Membre,www.flaviawasserfallen.ch,Wasserfallen,3125,PSS,Parti socialiste suisse,http://www.parlament.ch/SiteCollectionImages/profil/225x225/3125.jpg
4194,2020-12-08T12:06:34Z,http://www.parlament.ch/f/suche/Pages/biografie.aspx?biografie_id=4194,VD,Vaud,N,RL,Groupe libéral-radical,Laurent,Membre,www.laurentwehrli.com,Wehrli,3100,PLR,PLR.Les Libéraux-Radicaux,http://www.parlament.ch/SiteCollectionImages/profil/225x225/3100.jpg
4298,2021-06-07T17:06:39Z,http://www.parlament.ch/f/suche/Pages/biografie.aspx?biografie_id=4298,ZG,Zoug,N,G,Groupe des Verts,Manuela,Membre,www.weichelt.ch,Weichelt,3190,Al,Alternative-die Grünen Kanton Zug,http://www.parlament.ch/SiteCollectionImages/profil/225x225/3190.jpg
4057,2020-12-14T10:48:43Z,http://www.parlament.ch/f/suche/Pages/biografie.aspx?biografie_id=4057,AG,Argovie,N,S,Groupe socialiste,Cédric,Membre,www.cedricwermuth.ch,Wermuth,2759,PSS,Parti socialiste suisse,http://www.parlament.ch/SiteCollectionImages/profil/225x225/2759.jpg
4299,2021-02-01T16:53:42Z,http://www.parlament.ch/f/suche/Pages/biografie.aspx?biografie_id=4299,SO,Soleure,N,G,Groupe des Verts,Felix,Membre,https://felix-wettstein.ch,Wettstein,3191,VERT-E-S,Les VERT-E-S suisses,http://www.parlament.ch/SiteCollectionImages/profil/225x225/3191.jpg
4300,2019-11-11T15:17:20Z,http://www.parlament.ch/f/suche/Pages/biografie.aspx?biografie_id=4300,ZH,Zurich,N,S,Groupe socialiste,Céline,Membre,www.celine-widmer.ch,Widmer,3192,PSS,Parti socialiste suisse,http://www.parlament.ch/SiteCollectionImages/profil/225x225/3192.jpg
4305,2019-12-13T11:24:52Z,http://www.parlament.ch/f/suche/Pages/biografie.aspx?biografie_id=4305,LU,Lucerne,N,M-E,Le Groupe du Centre. Le Centre. PEV.,Priska,Membre,www.priska-wismer.ch,Wismer-Felder,3202,M-E,Le Centre,http://www.parlament.ch/SiteCollectionImages/profil/225x225/3202.jpg
1142,2018-01-10T16:53:57Z,http://www.parlament.ch/f/suche/Pages/biografie.aspx?biografie_id=1142,SO,Soleure,N,V,Groupe de l'Union démocratique du Centre,Walter,Membre,www.walter-wobmann.ch,Wobmann,2638,UDC,Union Démocratique du Centre,http://www.parlament.ch/SiteCollectionImages/profil/225x225/2638.jpg
4318,2021-01-26T07:34:39Z,http://www.parlament.ch/f/suche/Pages/biografie.aspx?biografie_id=4318,BS,Bâle-Ville,N,S,Groupe socialiste,Sarah,Membre,www.sarahwyss.ch,Wyss,3214,PSS,Parti socialiste suisse,http://www.parlament.ch/SiteCollectionImages/profil/225x225/3214.jpg
4179,2020-05-18T07:53:08Z,http://www.parlament.ch/f/suche/Pages/biografie.aspx?biografie_id=4179,AR,Appenzell Rh.-Ext.,N,V,Groupe de l'Union démocratique du Centre,David,Membre,www.david-zuberbuehler.ch,Zuberbühler,3102,UDC,Union Démocratique du Centre,http://www.parlament.ch/SiteCollectionImages/profil/225x225/3102.jpg
